<?xml version="1.0" encoding="UTF-8"?>
<project-private xmlns="http://www.netbeans.org/ns/project-private/1">
    <editor-bookmarks xmlns="http://www.netbeans.org/ns/editor-bookmarks/2" lastBookmarkId="0"/>
    <open-files xmlns="http://www.netbeans.org/ns/projectui-open-files/2">
        <group>
            <file>file:/C:/Users/HP/Documents/NetBeansProjects/Assignment3/src/assignment3/FXMLDocument.fxml</file>
            <file>file:/C:/Users/HP/Documents/NetBeansProjects/Assignment3/src/assignment3/animalAdded.fxml</file>
            <file>file:/C:/Users/HP/Documents/NetBeansProjects/Assignment3/src/assignment3/Assignment3.java</file>
            <file>file:/C:/Users/HP/Documents/NetBeansProjects/Assignment3/src/assignment3/menu.fxml</file>
            <file>file:/C:/Users/HP/Documents/NetBeansProjects/Assignment3/src/assignment3/Giraffe.java</file>
            <file>file:/C:/Users/HP/Documents/NetBeansProjects/Assignment3/src/assignment3/animalModified.fxml</file>
            <file>file:/C:/Users/HP/Documents/NetBeansProjects/Assignment3/src/assignment3/printAnimalsOfASection.fxml</file>
            <file>file:/C:/Users/HP/Documents/NetBeansProjects/Assignment3/src/assignment3/animalNotFound.fxml</file>
            <file>file:/C:/Users/HP/Documents/NetBeansProjects/Assignment3/src/assignment3/Lion.java</file>
            <file>file:/C:/Users/HP/Documents/NetBeansProjects/Assignment3/src/assignment3/Zoo.java</file>
            <file>file:/C:/Users/HP/Documents/NetBeansProjects/Assignment3/src/assignment3/FXMLDocumentController.java</file>
            <file>file:/C:/Users/HP/Documents/NetBeansProjects/Assignment3/src/assignment3/Bear.java</file>
            <file>file:/C:/Users/HP/Documents/NetBeansProjects/Assignment3/src/assignment3/Animal.java</file>
            <file>file:/C:/Users/HP/Documents/NetBeansProjects/Assignment3/src/assignment3/Tiger.java</file>
            <file>file:/C:/Users/HP/Documents/NetBeansProjects/Assignment3/src/assignment3/deleteAnimal.fxml</file>
            <file>file:/C:/Users/HP/Documents/NetBeansProjects/Assignment3/src/assignment3/AnimalBehaviour.java</file>
            <file>file:/C:/Users/HP/Documents/NetBeansProjects/Assignment3/src/assignment3/Elephant.java</file>
        </group>
    </open-files>
</project-private>
